{
    "version": "1.1.424",
    "data": {
        "ab_test":{
            "data_items": [
                "Analytics.Content.Version",
                "Hit.UserID",
                "product_wss_affiliate_id",
                "analytics.sdk.version"
            ],
            "refresh": {
                "useEngineDefaultTimeout": true
            }
        },
        "wss": {
            "data_items": [
                "WSS.Hardware.ID",
                "WSS.Software.ID",
                "WSS.Segment.ID",
                "WSS.Segment.Type.ID",
                "WSS.MSC.Version",
                "WSS.MPF.Version",
                "WSS.MPS.Version",
                "WSS.MQS.Version",
                "WSS.MSK.Version",
                "WSS.NGM.Version",
                "WSS.VUL.Version",
                "WSS.VSO.Version",
                "WSS.VSO.Content.Version",
                "WSS.VSCore.Version.x64",
                "WSS.VSCore.Version.win32",
                "WSS.Amcore.Version",
                "WSS.CoreUI.Version",
                "WSS.CoreUI.Enabled",
                "WSS.CoreUI.Build.Version",
                "WSS.CoreUI.Module.Version",
                "WSS.CSP.Version",
                "WSS.MSAD.Version",
                "WSS.MSAD.UUID",
                "WSS.WSC.Protection.Status",
                "product_wss_subscription_package_id",
                "WSS.Product.Key",
                "WSS.Account.ID",
                "product_wss_subscription_trial",
                "WSS.Package.Name",
                "product_wss_subscription_flex_package_id",
                "WSS.Affiliate.ID",
                "product_wss_culture_id",
                "product_wss_release_internal_name",
                "WSS.InProductTransaction",
                "CSP.ClientId",
                "WSS.VSO.Can.Run",
                "WSS.Segment.Type.Config.ID",
                "MFE.MSS.Version",
                "product_wss_install_factory",
                "WSS.ModCore.Version",
                "WSS.AlertManager.Version",
                "Legacy.Cohort.Id",
                "product_wss_affiliate_id",
                "product_wss_subscription_extendedexpiry_remaining_days",
                "product_wss_subscription_expiry_remaining_days",
                "WSS.VSCore.Version",
                "WSS.Install.Date.Epoch",
                "WSS.Eula.Accepted.Date.Epoch",
                "WSS.Expiry.Date.Epoch",
                "WSS.Extended.Expiry.Date.Epoch",
                "product_wss_install_date",
                "WSS.Eula.Accepted.Date.ISO",
                "product_wss_subscription_expiry_date",
                "WSS.Extended.Expiry.Date.ISO",
                "WSS.Installed.Days",
                "WSS.Eula.Accepted",
                "product_wss_subscription_registered",
                "CoreUI.CSP.Policy.TestEvent.Enabled",
                "WSS.Sustainability.Version",
                "WSS.Subscription.Affiliate.ID",
                "WSS.Platform.Systray.Icon.Status",
                "WSS.Reboot.Pending",
                "WSS.Build.Type",
                "WSS.MSK.Content.Version",
                "product_oem_oc_sku",
                "product_wss_eula_state",
                "WSS.Registration.Status",
                "WSS.Registration.Date",
                "WSS.Jeula.Status",
                "WSS.Entitlement.Status",
                "WSS.Orion.Activation.Screen.Version",
                "WSS.Subdb.Applist",
                "product_wss_oem_oobe_complete",
                "WSS.Core.Firewall.HIPS.State",
                "product_wss_eula_accepted_activation_date",
                "product_wss_msc_activation_time",
                "WSS.Product.Market.Release.Name",
                "hit_time_working_seconds",
                "hit_time_internet_seconds",
                "product_wss_lenovo_vantage_plugin_version",
                "product_wss_entitlement_status_entitled",
                "product_wss_vpn_integration",
                "product_wss_vpn_deep_integration",
                "product_wss_vpn_version",
                "product_wss_vso_lam_fileless_enabled",
                "product_wss_coreui_entitled_apps",
                "product_wss_coreui_visible_apps",
                "product_wss_coreui_installed_apps",
                "product_wss_coreui_enabled_apps",
                "product_wss_coreui_disabled_apps",
                "product_wss_coreui_setup_apps",
                "product_wss_coreui_ux_id",
                "WSS.IsTrial",
                "WSS.User.Registered",
                "WSS.Flex.Package.ID",
                "WSS.Expiry.Date.ISO",
                "product_wss_packages_additional_features",
                "product_wss_softwaretag",
                "product_wss_pdmgr_polaris_enabled"
            ],
            "refresh": {
                "useEngineDefaultTimeout": true
            }
        },
        "device": {
            "data_items": [
                "Device.TimeZone.Bias.Hours",
                "Device.OS.Architecture",
                "Device.OS.Type",
                "device_os_version",
                "Device.Microsoft.Machine.Guid",
                "Device.Screen.Resolution",
                "Device.User.Folder.Creation.Date",
                "Device.User.Folder.Creation.Date.ISO",
                "Device.Antimalware.Provider.Enabled",
                "System32.Creation.Date.ISO",
                "Device.User.Folder.Creation.Date.Incremental.Days",
                "Device.User.Folder.Creation.Date.Incremental.Hours",
                "Device.User.Folder.Creation.Date.Incremental.Minutes",
                "Device.System.Ram.MB",
                "Device.CPU.Model.Description",
                "Device.Disk.Primary.Size.Total.GB",
                "Device.Disk.Primary.Size.Available.GB",
                "Device.Disk.Primary.Type",
                "Device.Disk.Count",
                "Device.Manufacturer.Name",
                "Device.Manufacturer.Model",
                "Device.Manufacturer.ID",
                "Device.Time.Zone",
                "Device.OS.InstallDate",
                "Device.Type",
                "Device.Disk.Primary.Encrypted",
                "Device.OS.Bash.Version",
                "Device.Microsoft.L3.Featured.PC",
                "Device.Firewall.Provider.Enabled",
                "Device.Antimalware.Provider.Snoozed",
                "Device.Antimalware.Provider.Off",
                "Device.Firewall.Provider.Snoozed",
                "Device.Firewall.Provider.Off",
                "Device.Reseller.ID",
                "device_os_locale",
                "device_oobe_time_iso",
                "device_videocontroller_name",
                "device_videocontroller_caption",
                "device_videocontroller_description",
                "device_videocontroller_videoprocessor",
                "device_videocontroller_deviceid",
                "device_videocontroller_adapterdactype",
                "device_videocontroller_adapterram",
                "device_videocontroller_driverversion",
                "device_videocontroller_maxrefreshrate",
                "device_videocontroller_minrefreshrate",
                "device_videocontroller_currentrefreshrate",
                "device_os_uwp_sideload_enabled",
                "device_vpn_names",
                "device_vpn_names_enabled",
                "device_context_intest"
            ],
            "refresh": {
                "timeoutInterval": 86400000
            }
        },
        "content_metadata": {
            "data_items": [
                "WSS.Analytics.Folder.Creation.Date.ISO",
                "WSS.Analytics.Scripts.Creation.Date.ISO",
                "WSS.ProgramData.McAfee.Creation.Date.ISO",
                "product_analytics_automation_logs_enabled",
                "Application.Name",
                "analytics.sdk.version"
            ]
        },
        "ngm": {
            "data_items": [
                "NGM.Enabled",
                "product_ngm_cohort_id",
                "NGM.WSS.PolicyItem.ScheduledTask.Enabled",
                "NGM.WSS.Message.SubscriptionMilestone.Enabled",
                "NGM.WSS.Message.Registration.Enabled",
                "NGM.WSS.Message.PreUninstall.Enabled"
            ],
            "refresh": {
                "useEngineDefaultTimeout": true
            }
        },
        "da": {
            "data_items": [
                "msad.sites.safe_64",
                "vso_scan_id_2",
                "vul_app_check_id_10",
                "Quarantined_Items_113",
                "ODSCmd_succceeded_119",
                "msad.files.safe_65",
                "Raptor_Monitor_120",
                "shred_recycle_bin_id_27",
                "firewall_blocked_33",
                "fw_con_block_id_45",
                "qc_sys_file_id_20",
                "ASKPP_Event_118",
                "shred_total_id_60",
                "qc_all_browser_id_19",
                "qc_all_browser_id_18",
                "shred_other_id_28",
                "qc_all_browser_id_15",
                "vul_win_upd_id_12",
                "qc_all_browser_id_17",
                "qc_all_browser_id_16",
                "Resolved_Items_114",
                "vul_prg_upd_id_11",
                "Infected_Items_112",
                "vso_total_id_5",
                "vso_fixed_id_3",
                "ODS_Started_110",
                "msad.sites.blocked_61",
                "msad.files.blocked_62",
                "Scanned_Items_111",
                "OnlineServerCertExchangeDen_115",
                "msad.ads.blocked_63",
                "qc_total_id_59",
                "vul_total_id_58",
                "OnlineServerFileExchangeDen_117",
                "fw_con_ver_id_6",
                "ODS_Scan_Succeeded_109",
                "OAS_AMEngineScannedCount_116"
            ]
        },
        "mss": {
            "data_items": [
                "product_mss_install_date",
                "product_mss_uuid",
                "product_mss_culture_id",
                "product_mss_affiliate_id",
                "product_mss_abtest_id",
                "product_mss_scan_scheduled_frequency",
                "product_mss_dotnet_migration_id",
                "product_mss_scan_custom_frequency"
            ],
            "refresh": {
                "useEngineDefaultTimeout": true
            }
        },
        "mtm": {
            "data_items": [
                "MTM.Scripts.Folder.CreationDate",
                "MTM.Scripts.Folder.CreationDate.ISO",
                "MTM.Service.Version",
                "MTM.System.SerialNumber"
            ]
        },
        "uwp": {
            "data_items": [
                "uwp_affiliate_id",
                "uwp_provider_id",
                "uwp_device_id",
                "uwp_install_date"
            ],
            "refresh": {
                "useEngineDefaultTimeout": true
            }
        },
        "mgs": {
            "data_items": [
                "mgs_profile_version",
                "mgs_activepolicy_ABE",
                "mgs_activepolicy_NAV",
                "mgs_activepolicy_NBE",
                "mgs_activepolicy_SUE",
                "mgs_product_version",
                "mgs_build_number",
                "mgs_machine_id",
                "mgs_nav_setting_wsc_state",
                "mgs_nav_setting_rts_state",
                "mgs_sub_status",
                "mgs_sub_reason",
                "mgs_account_id",
                "mgs_affiliate_id",
                "mgs_subscription_expiry_date",
                "mgs_subscription_trial",
                "mgs_device_provision_id"
            ],
            "refresh": {
                "useEngineDefaultTimeout": true
            }
        },
        "default":{
            "data_items": [
                "analytics_data_items_version",
                "analytics_datasets_catalog_version",
                "analytics_da_definitions_version",
                "analytics_dictionary_version",
                "analytics_events_version",
                "analytics_profile_version",
                "Analytics.bootstrapFileVersion",
                "Analytics.Content.Version",
                "Hit.UserID",
                "device.geo.id",
                "device.env.qa"
            ],
            "refresh": {
                "useEngineDefaultTimeout": true
            }
        },
        "splitio":{
            "data_items": [
                "device_os_version",
                "product_ngm_cohort_id",
                "product_wss_affiliate_id",
                "product_wss_culture_id",
                "product_oem_oc_sku",
                "product_wss_install_date",
                "product_wss_eula_state",
                "product_wss_subscription_trial",
                "product_wss_subscription_flex_package_id",
                "product_wss_subscription_package_id",
                "product_wss_subscription_registered",
                "product_wss_subscription_extendedexpiry_remaining_days",
                "product_wss_subscription_expiry_remaining_days",
                "product_wss_subscription_expiry_date",
                "product_wss_release_internal_name",
                "product_wss_install_factory",
                "product_wss_coreui_ux_id"
            ],
            "refresh": {
                "timeoutInterval": 300000
            }
        }
    }
}

